{
  "benchmark_name": "llama",
  "timestamp": 1758932036.0822995,
  "results": {
    "runs_cpu": [
      {
        "type": "cpu",
        "prompt_size": 512,
        "generation_size": 64,
        "ngl": 0,
        "returncode": 0,
        "elapsed_seconds": 51.954073155000515,
        "metrics": {
          "system_info": {
            "cpu_info": "Intel(R) Xeon(R) CPU E5-2680 v4 @ 2.40GHz",
            "gpu_info": "",
            "backends": "CPU",
            "model_type": "qwen3 4B IQ4_NL - 4.5 bpw",
            "model_size": 2375386624,
            "model_n_params": 4022468096,
            "n_threads": 14,
            "n_gpu_layers": 99
          },
          "prompt_processing": {
            "avg_time_ns": 6141607871,
            "avg_tokens_per_sec": 83.365967,
            "stddev_time_ns": 9956863,
            "stddev_tokens_per_sec": 0.135376,
            "avg_time_ms": 6141.607871,
            "samples_ns": [
              6150325327,
              6146267687,
              6144506437,
              6124583267,
              6142356641
            ],
            "samples_ts": [
              83.2476,
              83.3026,
              83.3265,
              83.5975,
              83.3556
            ]
          },
          "generation": {
            "avg_time_ns": 2828172067,
            "avg_tokens_per_sec": 22.643105,
            "stddev_time_ns": 79063539,
            "stddev_tokens_per_sec": 0.610245,
            "avg_time_ms": 2828.172067,
            "samples_ns": [
              2969455210,
              2796492972,
              2790178627,
              2796374506,
              2788359023
            ],
            "samples_ts": [
              21.5528,
              22.8858,
              22.9376,
              22.8868,
              22.9526
            ]
          },
          "tokens_per_second": 22.643105,
          "total_time_ms": 8969.779938
        },
        "essential_info": {
          "build_commit": "72b24d9",
          "model_type": "qwen3 4B IQ4_NL - 4.5 bpw",
          "backends": "CPU",
          "test_time": "2025-09-27T00:12:51Z"
        }
      }
    ],
    "runs_gpu": [
      {
        "type": "gpu",
        "prompt_size": 512,
        "generation_size": 64,
        "ngl": 99,
        "returncode": 0,
        "elapsed_seconds": 6.70309150400135,
        "metrics": {
          "system_info": {
            "cpu_info": "Intel(R) Xeon(R) CPU E5-2680 v4 @ 2.40GHz",
            "gpu_info": "NVIDIA GeForce RTX 3060 Ti",
            "backends": "Vulkan",
            "model_type": "qwen3 4B IQ4_NL - 4.5 bpw",
            "model_size": 2375386624,
            "model_n_params": 4022468096,
            "n_threads": 14,
            "n_gpu_layers": 99
          },
          "prompt_processing": {
            "avg_time_ns": 218330043,
            "avg_tokens_per_sec": 2345.075012,
            "stddev_time_ns": 195836,
            "stddev_tokens_per_sec": 2.101094,
            "avg_time_ms": 218.330043,
            "samples_ns": [
              218371811,
              218034246,
              218333474,
              218328222,
              218582463
            ],
            "samples_ts": [
              2344.62,
              2348.25,
              2345.04,
              2345.09,
              2342.37
            ]
          },
          "generation": {
            "avg_time_ns": 730192215,
            "avg_tokens_per_sec": 87.781791,
            "stddev_time_ns": 31814301,
            "stddev_tokens_per_sec": 3.835092,
            "avg_time_ms": 730.192215,
            "samples_ns": [
              697068709,
              697987685,
              737125059,
              750411196,
              768368430
            ],
            "samples_ts": [
              91.813,
              91.6922,
              86.8238,
              85.2866,
              83.2934
            ]
          },
          "tokens_per_second": 87.781791,
          "total_time_ms": 948.522258
        },
        "essential_info": {
          "build_commit": "72b24d9",
          "model_type": "qwen3 4B IQ4_NL - 4.5 bpw",
          "backends": "Vulkan",
          "test_time": "2025-09-27T00:13:44Z"
        },
        "gpu_device": {
          "index": 0,
          "name": "NVIDIA GeForce RTX 3060 Ti",
          "driver": "NVIDIA",
          "icd_path": null
        }
      },
      {
        "type": "gpu",
        "prompt_size": 512,
        "generation_size": 64,
        "ngl": 99,
        "returncode": 0,
        "elapsed_seconds": 6.7286872810000204,
        "metrics": {
          "system_info": {
            "cpu_info": "Intel(R) Xeon(R) CPU E5-2680 v4 @ 2.40GHz",
            "gpu_info": "NVIDIA GeForce RTX 3060",
            "backends": "Vulkan",
            "model_type": "qwen3 4B IQ4_NL - 4.5 bpw",
            "model_size": 2375386624,
            "model_n_params": 4022468096,
            "n_threads": 14,
            "n_gpu_layers": 99
          },
          "prompt_processing": {
            "avg_time_ns": 218875553,
            "avg_tokens_per_sec": 2339.232452,
            "stddev_time_ns": 305409,
            "stddev_tokens_per_sec": 3.263696,
            "avg_time_ms": 218.875553,
            "samples_ns": [
              219170345,
              218980595,
              218642382,
              219113523,
              218470921
            ],
            "samples_ts": [
              2336.08,
              2338.11,
              2341.72,
              2336.69,
              2343.56
            ]
          },
          "generation": {
            "avg_time_ns": 734311237,
            "avg_tokens_per_sec": 87.250162,
            "stddev_time_ns": 26717643,
            "stddev_tokens_per_sec": 3.219097,
            "avg_time_ms": 734.311237,
            "samples_ns": [
              695631675,
              721987105,
              740050798,
              748283809,
              765602798
            ],
            "samples_ts": [
              92.0027,
              88.6442,
              86.4805,
              85.529,
              83.5943
            ]
          },
          "tokens_per_second": 87.250162,
          "total_time_ms": 953.18679
        },
        "essential_info": {
          "build_commit": "72b24d9",
          "model_type": "qwen3 4B IQ4_NL - 4.5 bpw",
          "backends": "Vulkan",
          "test_time": "2025-09-27T00:13:50Z"
        },
        "gpu_device": {
          "index": 1,
          "name": "NVIDIA GeForce RTX 3060",
          "driver": "NVIDIA",
          "icd_path": null
        }
      }
    ],
    "device_runs": [
      {
        "device_name": "NVIDIA GeForce RTX 3060 Ti",
        "device_index": 0,
        "device_driver": "NVIDIA",
        "device_type": "gpu",
        "runs": [
          {
            "prompt_size": 512,
            "generation_size": 64,
            "ngl": 99,
            "returncode": 0,
            "elapsed_seconds": 6.70309150400135,
            "success": true,
            "metrics": {
              "system_info": {
                "cpu_info": "Intel(R) Xeon(R) CPU E5-2680 v4 @ 2.40GHz",
                "gpu_info": "NVIDIA GeForce RTX 3060 Ti",
                "backends": "Vulkan",
                "model_type": "qwen3 4B IQ4_NL - 4.5 bpw",
                "model_size": 2375386624,
                "model_n_params": 4022468096,
                "n_threads": 14,
                "n_gpu_layers": 99
              },
              "prompt_processing": {
                "avg_time_ns": 218330043,
                "avg_tokens_per_sec": 2345.075012,
                "stddev_time_ns": 195836,
                "stddev_tokens_per_sec": 2.101094,
                "avg_time_ms": 218.330043,
                "samples_ns": [
                  218371811,
                  218034246,
                  218333474,
                  218328222,
                  218582463
                ],