{
  "benchmark_name": "llama",
  "timestamp": 1758971314.697166,
  "results": {
    "runs_cpu": [
      {
        "type": "cpu",
        "prompt_size": 512,
        "generation_size": 64,
        "ngl": 0,
        "returncode": 0,
        "elapsed_seconds": 51.860478547998355,
        "metrics": {
          "system_info": {
            "cpu_info": "Intel(R) Xeon(R) CPU E5-2680 v4 @ 2.40GHz",
            "gpu_info": "",
            "backends": "CPU",
            "model_type": "qwen3 4B IQ4_NL - 4.5 bpw",
            "model_size": 2375386624,
            "model_n_params": 4022468096,
            "n_threads": 14,
            "n_gpu_layers": 99
          },
          "prompt_processing": {
            "avg_time_ns": 6185629420,
            "avg_tokens_per_sec": 82.774759,
            "stddev_time_ns": 36281383,
            "stddev_tokens_per_sec": 0.481735,
            "avg_time_ms": 6185.62942,
            "samples_ns": [
              6168387347,
              6167896145,
              6169433220,
              6171959755,
              6250470636
            ],
            "samples_ts": [
              83.0039,
              83.0105,
              82.9898,
              82.9558,
              81.9138
            ]
          },
          "generation": {
            "avg_time_ns": 2764829844,
            "avg_tokens_per_sec": 23.153873,
            "stddev_time_ns": 50253255,
            "stddev_tokens_per_sec": 0.410872,
            "avg_time_ms": 2764.829844,
            "samples_ns": [
              2854639922,
              2743145594,
              2741556664,
              2745400120,
              2739406924
            ],
            "samples_ts": [
              22.4196,
              23.3309,
              23.3444,
              23.3117,
              23.3627
            ]
          },
          "tokens_per_second": 23.153873,
          "total_time_ms": 8950.459264000001
        },
        "essential_info": {
          "build_commit": "3f81b4e",
          "model_type": "qwen3 4B IQ4_NL - 4.5 bpw",
          "backends": "CPU",
          "test_time": "2025-09-27T11:07:31Z"
        }
      }
    ],
    "runs_gpu": [
      {
        "type": "gpu",
        "prompt_size": 512,
        "generation_size": 64,
        "ngl": 99,
        "returncode": 0,
        "elapsed_seconds": 5.691763390001142,
        "metrics": {
          "system_info": {
            "cpu_info": "Intel(R) Xeon(R) CPU E5-2680 v4 @ 2.40GHz",
            "gpu_info": "NVIDIA GeForce RTX 3060 Ti",
            "backends": "Vulkan",
            "model_type": "qwen3 4B IQ4_NL - 4.5 bpw",
            "model_size": 2375386624,
            "model_n_params": 4022468096,
            "n_threads": 14,
            "n_gpu_layers": 99
          },
          "prompt_processing": {
            "avg_time_ns": 175930577,
            "avg_tokens_per_sec": 2910.312055,
            "stddev_time_ns": 987332,
            "stddev_tokens_per_sec": 16.305755,
            "avg_time_ms": 175.930577,
            "samples_ns": [
              177405695,
              174665121,
              175760497,
              176125542,
              175696030
            ],
            "samples_ts": [
              2886.04,
              2931.32,
              2913.06,
              2907.02,
              2914.12
            ]
          },
          "generation": {
            "avg_time_ns": 584472919,
            "avg_tokens_per_sec": 109.520403,
            "stddev_time_ns": 8835434,
            "stddev_tokens_per_sec": 1.656674,
            "avg_time_ms": 584.472919,
            "samples_ns": [
              574099315,
              577429606,
              584283046,
              593260029,
              593292602
            ],
            "samples_ts": [
              111.479,
              110.836,
              109.536,
              107.878,
              107.873
            ]
          },
          "tokens_per_second": 109.520403,
          "total_time_ms": 760.403496
        },
        "essential_info": {
          "build_commit": "3f81b4e",
          "model_type": "qwen3 4B IQ4_NL - 4.5 bpw",
          "backends": "Vulkan",
          "test_time": "2025-09-27T11:08:23Z"
        },
        "gpu_device": {
          "index": 0,
          "name": "NVIDIA GeForce RTX 3060 Ti",
          "driver": "NVIDIA",
          "icd_path": null
        }
      },
      {
        "type": "gpu",
        "prompt_size": 512,
        "generation_size": 64,
        "ngl": 99,
        "returncode": 0,
        "elapsed_seconds": 6.575436024999362,
        "metrics": {
          "system_info": {
            "cpu_info": "Intel(R) Xeon(R) CPU E5-2680 v4 @ 2.40GHz",
            "gpu_info": "NVIDIA GeForce RTX 3060",
            "backends": "Vulkan",
            "model_type": "qwen3 4B IQ4_NL - 4.5 bpw",
            "model_size": 2375386624,
            "model_n_params": 4022468096,
            "n_threads": 14,
            "n_gpu_layers": 99
          },
          "prompt_processing": {
            "avg_time_ns": 218782451,
            "avg_tokens_per_sec": 2340.227255,
            "stddev_time_ns": 277874,
            "stddev_tokens_per_sec": 2.962303,
            "avg_time_ms": 218.782451,
            "samples_ns": [
              218936394,
              218490854,
              218600503,
              218703298,
              219181210
            ],
            "samples_ts": [
              2338.58,
              2343.35,
              2342.17,
              2341.07,
              2335.97
            ]
          },
          "generation": {
            "avg_time_ns": 723140883,
            "avg_tokens_per_sec": 88.509932,
            "stddev_time_ns": 7290013,
            "stddev_tokens_per_sec": 0.883105,
            "avg_time_ms": 723.140883,
            "samples_ns": [
              717460493,
              722521436,
              718183372,
              721987752,
              735551362
            ],
            "samples_ts": [
              89.2035,
              88.5787,
              89.1137,
              88.6442,
              87.0096
            ]
          },
          "tokens_per_second": 88.509932,
          "total_time_ms": 941.9233340000001
        },
        "essential_info": {
          "build_commit": "3f81b4e",
          "model_type": "qwen3 4B IQ4_NL - 4.5 bpw",
          "backends": "Vulkan",
          "test_time": "2025-09-27T11:08:29Z"
        },
        "gpu_device": {
          "index": 1,
          "name": "NVIDIA GeForce RTX 3060",
          "driver": "NVIDIA",
          "icd_path": null
        }
      }
    ],
    "device_runs": [
      {
        "device_name": "NVIDIA GeForce RTX 3060 Ti",
        "device_index": 0,
        "device_driver": "NVIDIA",
        "device_type": "gpu",
        "runs": [
          {
            "prompt_size": 512,
            "generation_size": 64,
            "ngl": 99,
            "returncode": 0,
            "elapsed_seconds": 5.691763390001142,
            "success": true,
            "metrics": {
              "system_info": {
                "cpu_info": "Intel(R) Xeon(R) CPU E5-2680 v4 @ 2.40GHz",
                "gpu_info": "NVIDIA GeForce RTX 3060 Ti",
                "backends": "Vulkan",
                "model_type": "qwen3 4B IQ4_NL - 4.5 bpw",
                "model_size": 2375386624,
                "model_n_params": 4022468096,
                "n_threads": 14,
                "n_gpu_layers": 99
              },
              "prompt_processing": {
                "avg_time_ns": 175930577,
                "avg_tokens_per_sec": 2910.312055,
                "stddev_time_ns": 987332,
                "stddev_tokens_per_sec": 16.305755,
                "avg_time_ms": 175.930577,
                "samples_ns": [
                  177405695,
                  174665121,
                  175760497,
                  176125542,
                  175696030
                ],